Катуар,s9601271
Электросталь,s9601112
Машиностроитель,s9601319
Металлург,s9601721
Ямуга,s9603464
Алпатьево,s9600710
Берендино,s9601169
Хрипань,s9601801
Удельная,s9601915
Лошатовка,s9601136
Малино,s9603766
Решетниково,s9602945
Вельяминово,s9602029
Бронницы,s9601978
Подольск,s9600731
Кутузовская,s9601494
71 км,s9602171
Хорлово,s9601932
Красково,s9602033
Рязановка,s9602295
Купавна,s9601192
Ботино,s9601165
Луговая,s9602070
Жилёво,s9600694
Акри,s9601726
Темпы,s9601819
Донино,s9601838
Морозки,s9601673
Бужаниново,s9601719
Власово,s9601140
Долгопрудная,s9600766
Новодачная,s9601261
Дубна,s9601639
Большая Волга,s9601720
Крюково,s9600212
Москва (Курский вокзал),s2000001
Москва (Ярославский вокзал),s2000002
Москва (Казанский вокзал),s2000003
Москва (Павелецкий вокзал),s2000005
Москва (Белорусский вокзал),s2000006
Москва (Киевский вокзал),s2000007
Москва (Рижский вокзал),s2000008
Москва (Савёловский вокзал),s2000009
Москва (Ленинградский вокзал),s2006004
Москва-Каланчёвская,s2001005
Москва запасной код,s9600676
Битца,s9600703
Текстильщики,s9600711
Тушино,s9600741
Матвеевская,s9600771
Царицыно,s9600891
Дмитровская,s9600901
Рабочий Посёлок,s9600911
Перово,s9600931
Солнечная,s9600981
Плющево,s9601186
Ржевская,s9601266
Сортировочная,s9601335
Выхино,s9601627
Косино,s9601635
Новая,s9601642
Электрозаводская,s9601647
Коломенское,s9601656
Кусково,s9601671
Бирюлёво-Пасс.,s9601703
Новогиреево,s9601737
Серп и Молот,s9601796
Карачарово,s9601835
Чухлинка,s9601856
Вешняки,s9601964
Фрезер,s9601991
Марк,s9602214
НАТИ,s9603256
Петровско-Разумовское,s9603458
Моссельмаш,s9603478
Останкино,s9603505
Фили,s9600821
Лось,s9600831
Лианозово,s9600851
Калитники,s9600866
Очаково,s9600881
Москва-Тов.-Смоленская,s9600940
Сетунь,s9600941
Москва-3,s9601018
Белокаменная,s9601063
Дегунино,s9601117
Северянин,s9601217
Яуза,s9601236
Покровское-Стрешнево,s9601251
Покровская,s9601256
Бутово,s9601291
Москва 2 митьково,s9601312
Локомотив,s9601334
Сколково,s9601342
Тестовская,s9601349
Савёловская,s9601382
Станколит,s9601384
Беговая,s9601666
Москва-Сортировочная,s9601674
Ленинградская,s9601688
Бирюлёво-Тов.,s9601698
Москворечье,s9601711
Лосиноостровская,s9601716
Кунцево,s9601728
Булатниково,s9601741
Люблино,s9601788
Бескудниково,s9601805
Москва-Товарная,s9602028
Окружная,s9601830
Маленковская,s9601882
Перерва,s9601898
Гражданская,s9601934
Москва-Тов.-Рязанская,s9601938
Красный Строитель,s9601943
Красный Балтиец,s9601947
Нижние Котлы,s9601975
Тульская (бывш. ЗИЛ),s9601985
Переделкино,s9602014
Трикотажная,s9602036
Чертаново,s9602125
Депо,s9634161
Москва-Тов.-Ярославская,s9602304
Кунцево 2,s9602450
Тимирязевская,s9602463
Рижская,s9603518
Москва-Тов.,s9603857
Ховрино,s9603877
Москва-Инт,s9603919
Москва сут,s9603926
Канатчиково,s9623265
Новопеределкино,s9799753
Андроновка,s9855157
Кутузовская (МЦК),s9855158
Владыкино,s9855159
Измайлово,s9855160
Соколиная Гора,s9855161
Шоссе Энтузиастов,s9855162
Нижегородская,s9855163
Новохохловская (МЦК),s9855164
Угрешская,s9855165
Дубровка,s9855166
Автозаводская,s9855167
ЗИЛ (МЦК),s9855168
Верхние Котлы (МЦК),s9855169
Крымская,s9855170
Площадь Гагарина,s9855171
Лужники,s9855172
Деловой центр,s9855173
Шелепиха,s9855174
Хорошёво,s9855175
Зорге,s9855176
Панфиловская,s9855177
Стрешнево,s9855178
Балтийская,s9855179
Коптево,s9855180
Лихоборы,s9855181
Окружная (МЦК),s9855182
Ботанический сад,s9855184
Ростокино,s9855186
Бульвар Рокоссовского,s9855187
Улица Сергея Эйзенштейна,s9859403
Выставочный центр,s9859404
Улица Академика Королёва,s9859405
Телецентр,s9859406
Улица Милашенкова,s9859407
Тимирязевская (монорельс),s9859408
Новохохловская,s9868807
Верхние Котлы,s9868808
Москва,s9600674
Ильинский Погост,s9600698
Давыдово,s9601198
Петелино,s9601717
Электрогорск,s9600677
Гривно,s9601157
Куровская,s9602024
Салтыковская,s9601902
Химки,s9603401
Левобережная,s9603663
Ступино,s9601202
Талдом,s9600686
Серпухов,s9600830
Подсолнечная,s9603468
Сергиев Посад,s9601389
40 км,s9602175
Серебряные Пруды,s9600760
Фабричная,s9600961
47 км,s9602174
Раменское,s9601841
Наугольный,s9602032
Дулёво,s9601184
Авсюнино,s9601672
Ратмирово,s9601208
Рудниковская,s9601861
Бородино,s9601458
Дровнино,s9601462
Хлебниково,s9601281
Трудовая,s9600679
Поварово-3,s9601292
Поварово-2,s9601693
Поварово-1,s9602925
Щербинка,s9600951
Кубинка 1,s9600748
Кубинка 2,s9600982
Технический центр,s9845702
Реутово,s9600796
Пушкино,s9600701
Орехово-Зуево,s9601539
Крутое,s9602107
Озёры,s9601144
Павловский Посад,s9601872
Нара,s9601137
Мытищи,s9600681
Перловская,s9600841
Тайнинская,s9601001
Строитель,s9601887
Одинцово,s9600721
Баковка,s9601338
Отрадное,s9601231
Захарово,s9601659
Ногинск,s9601939
Осеевская,s9601735
178 км,s9602278
Румянцево,s9602228
Новопетровская,s9601667
Манихино 1,s9601651
Отдых,s9602223
Юность (ДЖД),s9802748
Школьная,s9802747
Малаховка,s9601758
Топканово,s9602121
Пурлово,s9600755
Мельдино,s9601807
Тучково,s9602011
Дедовск,s9600871
Железнодорожная,s9601675
Кучино,s9601767
Ивантеевка,s9601633
Ивантеевка-2,s9601883
Посёлок Киевский,s9602144
Крёкшино,s9602221
Михнево,s9600749
Пески,s9600707
Кривандино,s9601781
Чкаловская,s9601911
Подосинки,s9601843
Кабаново,s9600699
Чисмена,s9601759
Жилино,s9601567
Подлипки,s9600708
Чёрная,s9601806
Фруктовая,s9600709
Коренёво,s9600954
Снегири,s9601442
Загорянская,s9601296
Монино,s9601862
Лопатино,s9601294
Белоозёрская,s9602006
Рассудово,s9601650
Софрино,s9601315
Посёлок Дальний,s9602268
Правда,s9601127
Нахабино,s9601122
Бармино,s9602065
Бекасово-1,s9601625
Бахчиванджи,s9601379
Ромашково,s9601679
Перхушково,s9601172
Трёхгорка,s9602218
Чепелёво,s9602222
Шаховская,s9600706
Чехов,s9601062
Дорохово,s9601629
Запрудня,s9602220
Кресты,s9602071
Львовская,s9601276
Пионерская,s9601641
Дзержинская,s9601774
Томилино,s9601822
Даниловская,s9601299
Турист,s9601484
Красноармейск,s9601868
Узуново,s9600759
Икша,s9601681
Ожерелье,s9600754
Муриково,s9602502
Лесной Городок,s9601373
Малые Вязёмы,s9601658
Немчиновка,s9602258
Воймежный,s9601199
Балашиха,s9602120
Апрелевка,s9601102
Быково,s9600921
Расторгуево,s9600801
Фрязино-Пасс.,s9601361
Фрязино-Тов.,s9602116
Храпуново,s9602038
Черусти,s9600704
Опалиха,s9601364
33 км,s9600773
Фирсановская,s9603604
Подрезково,s9603406
Орудьево,s9601657
Шатурторф,s9601761
Уваровка,s9601460
Шаликово,s9601773
Подлипки-Дачные,s9600691
Болшево,s9602217
Кокошкино,s9601187
Хорошово,s9602286
Акулово,s9601709
Золотово,s9601194
Виноградово,s9602075
Фаустово,s9602276
Конобеево,s9601634
Богатищево,s9600757
Родники,s9602225
Семхоз,s9600724
Бухолово,s9600697
Усово,s9601678
Чапаевка,s9601733
Хлюпино,s9601746
Ухтомская,s9601152
Люберцы 1,s9601636
Люберцы 2,s9601760
Панки,s9601919
Можайск,s9601006
Голутвин,s9600716
Коломна,s9601311
Бачманово,s9601844
Красногорская,s9601142
Павшино,s9602460
Луховицы,s9600726
Новоиерусалимская,s9601222
Истра,s9601923
Кашира,s9600886
Клин,s9602944
Клин лайн м,s9602357
Шматово,s9601174
Колычёво (9 км),s9601058
Войново,s9601734
Фрязево,s9601680
Жёлтиково,s9602034
Яхрома,s9601682
Шкинь,s9602266
Загорново,s9601690
Туголесье,s9601847
Полушкино,s9601718
Звенигород,s9601368
Зарайск,s9601370
Дмитров,s9600692
Воскресенск,s9600705
Шиферная,s9601654
88 км,s9601903
Москворецкая,s9602059
Волоколамск,s9600696
Внуково,s9602271
Егорьевск,s9601727
Егорьевск 1,s9601829
Домодедово,s9600811
Селятино,s9601383
Молоди,s9601752
Зеленоградская,s9601328
Заветы Ильича,s9601435
Клязьма,s9601246
Взлётная,s9602296
Барыбино,s9601332
Белые Столбы,s9601987
Хотьково,s9601286
Голицыно,s9602265
Сходня,s9603486
Лобня,s9600781
Электроугли,s9601867
Дрезна,s9602082
Жаворонки,s9601212
Осёнка,s9601270
Дубосеково,s9601422
Силикатная,s9602273
Миитовская,s9600675
Валентиновка,s9600678
Циолковская,s9600682
Благовещенское,s9600695
Толстопальцево,s9600702
Коровино,s9600758
Кораблёвка,s9600762
Чеховская,s9600769
Совхоз,s9600770
Белопесоцкий,s9600772
Калистово,s9600774
Сушкинская,s9600777
Пчеловодное,s9600787
Авангард,s9600832
Иванцево,s9601273
Чёрное,s9601301
159 км,s9601575
43 км,s9601848
Вохна,s9601653
81 км,s9601684
Дачное,s9601725
Театральная,s9601754
Есино,s9601783
Партизанская,s9601799
Часцовская,s9601817
Садовая,s9601840
Санаторная,s9601864
14 км,s9601876
Шереметьевская,s9601996
165 км,s9634117
Манихино 2,s9602054
Ленская,s9602227
Фабрика 1 Мая,s9602301
Портновская,s9602459
Поваровка,s9603411
Радищево,s9603761
133 км,s9633657
149 км,s9633658
211 км,s9602205
141 км,s9634001
Тесна,s9600820
Стройка,s9600835
Привалово,s9600837
Радонеж,s9600838
Воронок,s9600861
41 км,s9600999
Слёмы,s9601011
142 км,s9601205
328 км,s9601060
309 км,s9601120
146 км,s9601125
32 км,s9633652
Клёмово,s9601129
Сычёво,s9601135
Матрёнино,s9601148
Карасёво,s9601149
162 км,s9601153
Фёдоровское,s9601159
Белый Раст,s9601164
Авиационная,s9601167
21 км,s9601181
Ока,s9601185
Лысцовская,s9601188
Колонтаево,s9601206
Весенняя,s9601207
Лесные Дары,s9601220
Мякинино,s9601234
Осаново,s9601254
Шубатово,s9601260
Кудрявцево,s9601274
123 км,s9601277
Нерская,s9601282
Перочи,s9601284
Детково,s9601297
Дудино,s9601298
109 км,s9601664
Николаевка,s9601313
Радуга,s9601324
Сороковой Бор,s9601326
73 км,s9601729
126 км,s9601346
173 км,s9601350
Семёновский,s9601354
Новогромово,s9601356
144 км,s9601357
190 км,s9601359
Бухарово,s9601362
Руново,s9601365
18 км,s9601385
Колочь,s9601459
42 км,s9601504
Путилово,s9601522
Гагаринская,s9601541
Детская,s9601628
Калинина,s9601646
Абрамцево,s9601649
92 км,s9601661
Горенки,s9601665
87 км,s9634002
Раздоры,s9601701
75 км,s9601704
63 км,s9601707
Зелёный Бор,s9601708
Победа,s9601710
Космос,s9601722
Шевлягино,s9601723
Зосимова Пустынь,s9601730
Мичуринец,s9601731
Игнатьево,s9601739
Луч,s9601743
Малиновка,s9601748
Назарьево,s9601755
Некрасовская,s9601757
49 км,s9601762
Троицкая,s9601763
Овражки,s9601769
Пост-Алексеевский,s9601771
Щурово,s9601772
Анциферово,s9601776
Устиновка,s9601778
Лесодолгоруково,s9601779
Курсаковская,s9601780
52 км,s9601999
Ядрошино,s9601802
Башкино,s9601804
Запутная,s9601808
Латышская,s9601820
Ожигово,s9601821
Повадино,s9601827
Конев Бор,s9601837
95 км,s9601845
Каналстрой,s9601852
29 км,s9601855
Скоротово,s9601858
76 км,s9601860
183 км,s9601863
Соревнование,s9601875
Водники,s9601877
Кукаринская,s9601890
83 км,s9601899
Мачихино,s9601909
6 км,s9601924
Ильинская,s9601929
136 км,s9601930
47 км (Егорьевский район),s9601945
Чернецкое,s9601948
113 км,s9601950
Тарасовская,s9601954
30 км,s9601982
Цемгигант,s9601983
38 км,s9601984
12 км,s9634136
50 км,s9602027
Ленинская,s9602030
Бубяково,s9602031
90 км,s9602211
Сазоново,s9602041
24 км,s9602045
Пожога,s9602062
Соколовская,s9602066
Ситенка,s9602067
Ястребки,s9602069
Лукино,s9602085
Лесная (64 км),s9602097
Дюдьково,s9602104
Ратчино,s9602105
128 км,s9602119
Кашино,s9602122
Пожитково,s9602129
155 км,s9602136
177 км,s9602137
Бекасово-центральное,s9602139
192 км,s9602140
199 км,s9602141
214 км,s9602142
221 км,s9602143
240 км,s9602145
241 км,s9602146
252 км,s9602147
274 км,s9602148
Вяткино,s9602150
283 км,s9602151
332 км,s9602152
341 км,s9602153
120 км,s9602154
74 км,s9602170
68 км,s9602172
62 км,s9602173
137 км,s9634000
298 км,s9602189
119 км,s9602209
250 км,s9633993
Холщёвики,s9602215
Здравница,s9602229
Григорово,s9602231
312 км,s9602246
132 км,s9602279
Челюскинская,s9602281
Поточино,s9602282
91 км,s9602285
94 км,s9602288
116 км,s9602290
Драчёво,s9602292
Лютик,s9602293
107 км,s9602305
66 км,s9602313
Дачная,s9602317
Новоподрезково,s9603404
Стреглово,s9603436
Планерная,s9603638
Покровка,s9603708
Сенеж,s9603714
Головково,s9603732
Фроловское,s9603744
Берёзки-Дачные,s9603765
Струя,s9612113
Аэропорт,s9613987
Трофимово,s9633647
85 км,s9633653
121 км,s9633654
152 км,s9633655
80 км,s9633659
Северный,s9633661
Центральный,s9633663
122 км,s9633664
13 км,s9633666
35 км,s9633668
185 км,s9633992
174 км,s9633994
147 км,s9633995
131 км,s9633999
167 км,s9634118
7 км,s9634247
Москва Риж ст 3/4,s9634383
Подмосковная,s9634384
Орехово-Зуево МП,s9634392
Акуловский Пост,s9634602
Пост 61 Км,s9634603
15 км,s9654524
Аэропорт (старая платф.),s9654533
294 км,s9809494
Парк «Патриот»,s9845342
Остафьево,s9871176
Кузяево,s9601842
Кратово,s9601438
Пионерская (ДЖД),s9802746
Гжель,s9601644
55 км,s9601738
Вялки,s9601793
Макеево-московское,s9600960
Столбовая,s9601626
Сандарово,s9601941
Мамонтовская,s9601241
Рахманово,s9602123
Востряково,s9600767
Никольское,s9601177
Барвиха,s9601655
Ильинское,s9601663
Непецино,s9601216
Бекасово-сортировочное,s9601133
Алабино,s9601669
Ковригино,s9600983
Казанское,s9601782
Шугарово,s9601736
Шарапова Охота,s9602216
Сотниково,s9601257
Усады-окружные,s9601255
Аникеевка,s9601770
Костино,s9601386
Заполицы,s9601839
Щёлково,s9601893
Шатура,s9602291
Карманово,s9601949
Алабушево,s9603668
Яганово,s9601826
Заря,s9633651
Вербилки,s9600693
Лебзино,s9601895
Ашукинская,s9602043
